airline,date_of_journey,source,destination,dep_time,arrival_time,duration,total_stops,additional_info,price
Indigo,2019-04-01,Delhi,Cochin,06:50:00,12:10:00,320,1.0,No Info,5298
Jet Airways,2019-05-27,Delhi,Cochin,15:00:00,04:25:00,805,1.0,In-flight meal not included,12898
Air India,2019-03-01,Banglore,New Delhi,11:05:00,22:45:00,700,1.0,No Info,14069
Jet Airways,2019-05-24,Kolkata,Banglore,18:55:00,19:50:00,1495,1.0,In-flight meal not included,10844
Jet Airways,2019-04-01,Delhi,Cochin,16:00:00,12:35:00,1235,1.0,In-flight meal not included,5406
Jet Airways,2019-05-06,Banglore,Delhi,07:10:00,10:10:00,180,0.0,No Info,7229
Jet Airways,2019-04-03,Delhi,Cochin,14:00:00,12:35:00,1355,1.0,In-flight meal not included,5177
Jet Airways,2019-05-01,Kolkata,Banglore,21:10:00,08:15:00,665,1.0,In-flight meal not included,10844
Vistara,2019-04-01,Banglore,Delhi,19:30:00,22:15:00,165,0.0,No Info,5613
Jet Airways,2019-05-24,Kolkata,Banglore,08:25:00,16:20:00,475,1.0,No Info,14571
Jet Airways,2019-06-27,Delhi,Cochin,05:30:00,12:35:00,425,2.0,No Info,14441
Spicejet,2019-04-12,Kolkata,Banglore,17:10:00,19:40:00,150,0.0,No Info,3873
Spicejet,2019-04-06,Kolkata,Banglore,22:20:00,00:40:00,140,0.0,No Info,3873
Jet Airways,2019-06-06,Delhi,Cochin,13:00:00,12:35:00,1415,1.0,In-flight meal not included,11627
Air India,2019-05-24,Kolkata,Banglore,09:25:00,10:30:00,1505,2.0,No Info,12797
Indigo,2019-05-01,Chennai,Kolkata,07:55:00,10:15:00,140,0.0,No Info,3850
Jet Airways,2019-05-15,Kolkata,Banglore,16:30:00,10:05:00,1055,1.0,No Info,14781
Jet Airways,2019-03-24,Kolkata,Banglore,21:10:00,16:20:00,1150,1.0,In-flight meal not included,10031
Spicejet,2019-06-15,Kolkata,Banglore,22:20:00,00:40:00,140,0.0,No check-in baggage included,3841
Multiple Carriers,2019-06-27,Delhi,Cochin,19:00:00,01:30:00,390,1.0,No Info,7198
Vistara,2019-04-12,Banglore,Delhi,21:00:00,23:50:00,170,0.0,No Info,5613
Jet Airways,2019-06-06,Delhi,Cochin,18:15:00,19:00:00,1485,1.0,In-flight meal not included,10262
Indigo,2019-03-15,Banglore,New Delhi,16:55:00,21:50:00,295,1.0,No Info,5397
Indigo,2019-03-21,Banglore,New Delhi,18:25:00,21:20:00,175,0.0,No Info,6144
Jet Airways,2019-03-21,Delhi,Cochin,08:00:00,04:25:00,1225,1.0,In-flight meal not included,6540
Air India,2019-05-21,Delhi,Cochin,05:10:00,08:00:00,170,0.0,No Info,6094
Spicejet,2019-03-15,Mumbai,Hyderabad,05:45:00,07:05:00,80,0.0,No check-in baggage included,2385
Vistara,2019-03-12,Mumbai,Hyderabad,19:45:00,19:55:00,1450,1.0,No Info,12080
Air India,2019-03-12,Banglore,New Delhi,11:05:00,22:10:00,665,2.0,No Info,11948
Jet Airways,2019-06-09,Delhi,Cochin,09:40:00,19:00:00,560,2.0,In-flight meal not included,10368
Multiple Carriers,2019-06-27,Delhi,Cochin,06:00:00,21:00:00,900,1.0,In-flight meal not included,6007
Air India,2019-06-06,Kolkata,Banglore,12:00:00,18:30:00,1830,2.0,No Info,9626
Air India,2019-05-09,Delhi,Cochin,06:05:00,09:25:00,1640,1.0,No Info,7480
Multiple Carriers,2019-06-09,Delhi,Cochin,07:10:00,16:10:00,540,1.0,No Info,6513
Air India,2019-03-06,Kolkata,Banglore,14:15:00,16:45:00,150,0.0,No Info,4960
Jet Airways,2019-05-27,Mumbai,Hyderabad,10:20:00,11:50:00,90,0.0,In-flight meal not included,4995
Jet Airways,2019-04-01,Kolkata,Banglore,21:10:00,04:40:00,450,1.0,No Info,13364
Jet Airways,2019-06-24,Banglore,Delhi,15:15:00,18:10:00,175,0.0,No Info,8016
Air Asia,2019-05-09,Kolkata,Banglore,10:20:00,12:55:00,155,0.0,No Info,4409
Indigo,2019-05-03,Banglore,Delhi,20:00:00,22:50:00,170,0.0,No Info,4823
Jet Airways,2019-03-01,Banglore,New Delhi,08:00:00,20:20:00,740,1.0,No Info,27992
Goair,2019-04-15,Delhi,Cochin,10:35:00,19:35:00,540,1.0,No Info,5752
Jet Airways,2019-03-21,Banglore,New Delhi,07:00:00,21:20:00,860,1.0,In-flight meal not included,7832
Indigo,2019-05-09,Delhi,Cochin,06:40:00,21:00:00,860,1.0,No Info,7191
Air India,2019-05-09,Kolkata,Banglore,16:50:00,18:30:00,1540,1.0,No Info,8576
Indigo,2019-04-09,Banglore,Delhi,18:55:00,21:50:00,175,0.0,No Info,4823
Indigo,2019-05-09,Delhi,Cochin,04:55:00,21:00:00,965,1.0,No Info,6979
Air India,2019-03-06,Delhi,Cochin,16:40:00,19:15:00,1595,2.0,No Info,12646
Indigo,2019-05-15,Banglore,Delhi,20:00:00,22:50:00,170,0.0,No Info,4823
Air India,2019-05-21,Delhi,Cochin,09:00:00,19:15:00,615,1.0,No Info,8372
Jet Airways,2019-03-27,Delhi,Cochin,06:20:00,04:25:00,1325,2.0,In-flight meal not included,9296
Jet Airways,2019-04-01,Kolkata,Banglore,09:35:00,10:55:00,1520,1.0,No Info,11467
Jet Airways,2019-05-15,Kolkata,Banglore,17:00:00,09:45:00,1005,1.0,No Info,13067
Jet Airways,2019-05-27,Delhi,Cochin,02:15:00,19:00:00,1005,1.0,In-flight meal not included,12898
Jet Airways,2019-05-12,Banglore,Delhi,08:20:00,11:20:00,180,0.0,In-flight meal not included,6144
Jet Airways,2019-03-18,Banglore,New Delhi,11:40:00,09:30:00,1310,1.0,In-flight meal not included,11087
Jet Airways,2019-06-09,Kolkata,Banglore,14:05:00,23:35:00,570,1.0,No Info,14571
Vistara,2019-06-12,Kolkata,Banglore,20:20:00,09:05:00,765,1.0,No Info,7927
Jet Airways,2019-03-21,Delhi,Cochin,10:20:00,18:50:00,1950,2.0,In-flight meal not included,9254
Air Asia,2019-06-27,Kolkata,Banglore,22:50:00,01:20:00,150,0.0,No Info,3807
Air India,2019-03-03,Delhi,Cochin,05:55:00,07:40:00,1545,2.0,No Info,15113
Indigo,2019-04-15,Delhi,Cochin,07:35:00,16:10:00,515,1.0,No Info,6442
Multiple Carriers,2019-03-03,Delhi,Cochin,15:25:00,01:35:00,610,1.0,No Info,15147
Jet Airways,2019-06-24,Delhi,Cochin,07:05:00,12:35:00,330,1.0,No Info,14924
Air India,2019-06-27,Banglore,Delhi,10:00:00,12:45:00,165,0.0,No Info,6961
Jet Airways,2019-05-15,Banglore,Delhi,17:45:00,20:45:00,180,0.0,No Info,7229
Multiple Carriers,2019-05-06,Delhi,Cochin,09:00:00,19:00:00,600,1.0,No Info,10407
Jet Airways,2019-06-12,Delhi,Cochin,11:40:00,19:00:00,440,2.0,In-flight meal not included,15812
Jet Airways,2019-06-09,Kolkata,Banglore,18:55:00,20:45:00,1550,1.0,In-flight meal not included,10844
Indigo,2019-03-06,Delhi,Cochin,02:35:00,08:30:00,355,1.0,No Info,13790
Jet Airways,2019-06-09,Kolkata,Banglore,21:10:00,18:15:00,1265,1.0,In-flight meal not included,10844
Indigo,2019-04-12,Banglore,Delhi,21:15:00,00:15:00,180,0.0,No Info,4990
Air India,2019-06-27,Delhi,Cochin,05:15:00,06:50:00,1535,1.0,No Info,6587
Jet Airways,2019-05-21,Kolkata,Banglore,21:10:00,08:15:00,665,1.0,In-flight meal not included,10844
Multiple Carriers,2019-05-09,Delhi,Cochin,12:50:00,01:30:00,760,1.0,No Info,34273
Indigo,2019-03-09,Banglore,New Delhi,11:20:00,15:25:00,245,1.0,No Info,5746
Jet Airways,2019-03-15,Banglore,New Delhi,18:55:00,00:45:00,350,1.0,No Info,21934
Jet Airways,2019-06-03,Delhi,Cochin,19:30:00,04:25:00,535,2.0,No Info,13014
Air Asia,2019-05-18,Delhi,Cochin,07:55:00,13:25:00,330,1.0,No Info,8759
Air India,2019-06-09,Delhi,Cochin,06:05:00,09:25:00,1640,1.0,No Info,7690
Jet Airways,2019-03-21,Delhi,Cochin,07:05:00,18:50:00,705,1.0,No Info,12767
Air India,2019-03-21,Delhi,Cochin,13:30:00,23:00:00,570,1.0,No Info,5704
Spicejet,2019-05-12,Mumbai,Hyderabad,22:45:00,00:15:00,90,0.0,No Info,2017
Multiple Carriers,2019-03-06,Delhi,Cochin,08:00:00,15:30:00,450,1.0,No Info,15078
Jet Airways,2019-03-03,Delhi,Cochin,05:25:00,18:50:00,2245,2.0,No Info,20064
Jet Airways,2019-05-21,Kolkata,Banglore,21:10:00,04:40:00,450,1.0,No Info,13941
Jet Airways,2019-03-24,Mumbai,Hyderabad,10:20:00,11:50:00,90,0.0,No Info,5678
Spicejet,2019-05-27,Kolkata,Banglore,06:55:00,09:30:00,155,0.0,No check-in baggage included,3841
Jet Airways,2019-05-09,Delhi,Cochin,05:30:00,12:35:00,425,2.0,No Info,16274
Jet Airways,2019-05-18,Kolkata,Banglore,16:30:00,12:00:00,1170,1.0,In-flight meal not included,10844
Spicejet,2019-05-21,Banglore,Delhi,05:55:00,08:35:00,160,0.0,No Info,3311
Goair,2019-06-24,Kolkata,Banglore,15:20:00,17:55:00,155,0.0,No Info,3514
Jet Airways,2019-06-21,Mumbai,Hyderabad,19:35:00,21:05:00,90,0.0,In-flight meal not included,3210
Air India,2019-05-09,Delhi,Cochin,13:00:00,19:15:00,375,1.0,No Info,8372
Jet Airways,2019-05-21,Kolkata,Banglore,20:00:00,18:15:00,1335,1.0,In-flight meal not included,10844
Jet Airways,2019-03-06,Delhi,Cochin,22:20:00,04:25:00,365,1.0,In-flight meal not included,12583
Indigo,2019-05-01,Delhi,Cochin,18:35:00,01:30:00,415,1.0,No Info,8854
Air India,2019-04-01,Kolkata,Banglore,16:50:00,07:55:00,905,1.0,No Info,7893
Spicejet,2019-06-27,Banglore,Delhi,05:55:00,08:35:00,160,0.0,No check-in baggage included,3573
Jet Airways,2019-05-18,Delhi,Cochin,22:50:00,19:00:00,1210,1.0,No Info,15554
Jet Airways,2019-05-09,Kolkata,Banglore,06:30:00,19:50:00,800,1.0,In-flight meal not included,10844
Jet Airways,2019-06-06,Mumbai,Hyderabad,10:20:00,11:50:00,90,0.0,In-flight meal not included,4995
Jet Airways,2019-03-09,Delhi,Cochin,00:20:00,04:25:00,1685,1.0,In-flight meal not included,11848
Vistara,2019-03-03,Banglore,New Delhi,21:10:00,00:05:00,175,0.0,No Info,7608
Jet Airways,2019-04-01,Kolkata,Banglore,18:55:00,09:20:00,865,1.0,In-flight meal not included,7064
Multiple Carriers,2019-06-06,Delhi,Cochin,17:50:00,01:30:00,460,2.0,No Info,18275
Jet Airways,2019-05-06,Kolkata,Banglore,18:55:00,16:20:00,1285,1.0,In-flight meal not included,7757
Jet Airways,2019-06-06,Kolkata,Banglore,21:10:00,04:40:00,450,1.0,No Info,13374
Jet Airways,2019-05-12,Kolkata,Banglore,06:30:00,16:20:00,590,1.0,No Info,14781
Air India,2019-06-09,Banglore,Delhi,13:20:00,16:10:00,170,0.0,No Info,6961
Jet Airways,2019-06-12,Kolkata,Banglore,20:00:00,12:00:00,960,1.0,No Info,13044
Air India,2019-03-27,Delhi,Cochin,09:45:00,08:15:00,1350,1.0,No Info,7416
Indigo,2019-03-03,Banglore,New Delhi,18:55:00,21:45:00,170,0.0,No Info,8855
Jet Airways,2019-05-12,Banglore,Delhi,18:55:00,22:00:00,185,0.0,In-flight meal not included,4030
Jet Airways,2019-06-12,Kolkata,Banglore,14:05:00,23:35:00,570,1.0,In-flight meal not included,9899
Air India,2019-04-01,Banglore,Delhi,13:20:00,16:10:00,170,0.0,No Info,5911
Spicejet,2019-06-06,Kolkata,Banglore,08:35:00,17:15:00,520,1.0,No Info,6643
Indigo,2019-05-27,Delhi,Cochin,16:00:00,21:00:00,300,1.0,No Info,5054
Indigo,2019-05-21,Delhi,Cochin,11:55:00,00:55:00,780,1.0,No Info,6282
Indigo,2019-03-15,Mumbai,Hyderabad,19:05:00,20:30:00,85,0.0,No Info,2754
Air India,2019-05-18,Kolkata,Banglore,05:50:00,20:25:00,875,2.0,No Info,12093
Goair,2019-04-24,Banglore,Delhi,11:40:00,14:30:00,170,0.0,No Info,3898
Indigo,2019-03-03,Delhi,Cochin,15:00:00,01:35:00,635,1.0,No Info,14871
Jet Airways,2019-06-24,Delhi,Cochin,14:35:00,04:25:00,830,2.0,No Info,13376
Jet Airways,2019-05-27,Delhi,Cochin,13:00:00,19:00:00,360,1.0,No Info,16079
Jet Airways,2019-05-21,Kolkata,Banglore,09:35:00,19:10:00,575,1.0,In-flight meal not included,12384
Spicejet,2019-04-27,Delhi,Cochin,06:05:00,11:20:00,315,1.0,No Info,5899
Air India,2019-04-18,Banglore,Delhi,17:00:00,19:45:00,165,0.0,No Info,6121
Jet Airways,2019-05-18,Kolkata,Banglore,09:35:00,14:25:00,1730,1.0,No Info,13067
Indigo,2019-03-15,Banglore,New Delhi,13:00:00,15:50:00,170,0.0,No Info,6144
Air India,2019-03-21,Delhi,Cochin,09:45:00,23:00:00,795,1.0,No Info,5704
Multiple Carriers,2019-06-15,Delhi,Cochin,08:45:00,21:00:00,735,1.0,No Info,7005
Jet Airways,2019-05-09,Kolkata,Banglore,16:30:00,18:15:00,1545,1.0,No Info,13941
Jet Airways,2019-06-09,Kolkata,Banglore,18:55:00,04:40:00,585,1.0,In-flight meal not included,9663
Air India,2019-04-09,Delhi,Cochin,06:05:00,09:25:00,1640,1.0,No Info,4487
Spicejet,2019-04-18,Banglore,Delhi,21:10:00,00:05:00,175,0.0,No check-in baggage included,5515
Jet Airways,2019-06-12,Delhi,Cochin,14:35:00,04:25:00,830,2.0,No Info,13376
Air India,2019-06-24,Delhi,Cochin,12:00:00,19:15:00,435,2.0,No Info,9548
Air India,2019-03-03,Delhi,Cochin,21:30:00,19:15:00,1305,2.0,No Info,12287
Jet Airways,2019-06-27,Delhi,Cochin,22:50:00,12:35:00,825,1.0,In-flight meal not included,10262
Indigo,2019-05-18,Delhi,Cochin,06:50:00,22:30:00,940,1.0,No Info,7144
Multiple Carriers,2019-06-06,Delhi,Cochin,17:00:00,01:30:00,510,1.0,No Info,7198
Air India,2019-03-24,Kolkata,Banglore,16:45:00,21:05:00,1700,1.0,No Info,6535
Multiple Carriers,2019-05-27,Delhi,Cochin,18:00:00,01:30:00,450,1.0,No Info,7198
Jet Airways,2019-05-12,Kolkata,Banglore,14:05:00,23:35:00,570,1.0,No Info,14781
Spicejet,2019-06-01,Banglore,Delhi,09:30:00,12:20:00,170,0.0,No Info,3971
Jet Airways,2019-03-27,Delhi,Cochin,08:00:00,04:25:00,1225,1.0,In-flight meal not included,6645
Multiple Carriers,2019-06-06,Delhi,Cochin,17:45:00,01:30:00,465,1.0,No Info,6795
Jet Airways,2019-04-01,Kolkata,Banglore,20:00:00,16:20:00,1220,1.0,No Info,12681
Air India,2019-05-09,Kolkata,Banglore,20:30:00,08:55:00,745,1.0,No Info,10203
Jet Airways,2019-05-18,Kolkata,Banglore,08:25:00,16:20:00,475,1.0,No Info,14781
Indigo,2019-03-27,Delhi,Cochin,04:55:00,16:10:00,675,1.0,No Info,6171
Indigo,2019-06-09,Kolkata,Banglore,09:20:00,14:15:00,295,1.0,No Info,11465
Jet Airways,2019-05-18,Delhi,Cochin,13:25:00,12:35:00,1390,2.0,No Info,16704
Jet Airways,2019-06-24,Delhi,Cochin,21:50:00,04:25:00,395,1.0,No Info,14714
Indigo,2019-06-18,Mumbai,Hyderabad,02:35:00,04:05:00,90,0.0,No Info,2754
Jet Airways,2019-03-06,Delhi,Cochin,17:30:00,19:45:00,1575,1.0,No Info,17024
Multiple Carriers,2019-04-09,Delhi,Cochin,10:35:00,19:15:00,520,1.0,No Info,6106
Air India,2019-06-09,Delhi,Cochin,09:45:00,23:00:00,795,1.0,No Info,8907
Jet Airways,2019-03-21,Banglore,New Delhi,11:40:00,11:25:00,1425,1.0,In-flight meal not included,7832
Indigo,2019-06-03,Delhi,Cochin,10:35:00,01:30:00,895,1.0,No Info,5883
Jet Airways,2019-03-21,Banglore,New Delhi,14:05:00,07:40:00,1055,1.0,In-flight meal not included,7832
Jet Airways,2019-05-06,Kolkata,Banglore,18:55:00,04:40:00,585,1.0,No Info,13941
Jet Airways,2019-06-06,Kolkata,Banglore,17:00:00,10:55:00,1075,1.0,No Info,12692
Jet Airways,2019-06-27,Delhi,Cochin,02:15:00,12:35:00,620,1.0,In-flight meal not included,10262
Indigo,2019-04-03,Banglore,Delhi,10:10:00,13:00:00,170,0.0,No Info,3943
Air India,2019-03-15,Mumbai,Hyderabad,06:20:00,07:40:00,80,0.0,No Info,3100
Multiple Carriers,2019-05-15,Delhi,Cochin,03:50:00,12:35:00,525,1.0,No Info,10197
Multiple Carriers,2019-03-03,Delhi,Cochin,08:25:00,18:50:00,625,1.0,No Info,15135
Air India,2019-05-09,Kolkata,Banglore,09:25:00,07:55:00,1350,1.0,No Info,8366
Jet Airways,2019-05-21,Kolkata,Banglore,08:25:00,19:50:00,685,1.0,In-flight meal not included,10844
Jet Airways,2019-03-12,Banglore,New Delhi,18:55:00,13:15:00,1100,1.0,In-flight meal not included,11087
Indigo,2019-05-03,Mumbai,Hyderabad,02:35:00,04:05:00,90,0.0,No Info,2754
Air Asia,2019-06-06,Kolkata,Banglore,07:35:00,23:30:00,955,1.0,No Info,6810
Jet Airways,2019-06-01,Delhi,Cochin,13:00:00,19:00:00,360,1.0,No Info,14714
Air Asia,2019-06-21,Banglore,Delhi,04:55:00,07:45:00,170,0.0,No Info,4282
Air Asia,2019-03-06,Delhi,Cochin,16:45:00,07:10:00,865,1.0,No Info,8627
Air India,2019-03-21,Mumbai,Hyderabad,13:55:00,15:25:00,90,0.0,No Info,3100
Jet Airways,2019-03-09,Delhi,Cochin,20:50:00,04:25:00,455,1.0,No Info,15554
Air India,2019-06-09,Delhi,Cochin,19:45:00,19:15:00,1410,2.0,No Info,9968
Multiple Carriers,2019-05-15,Delhi,Cochin,10:00:00,01:30:00,930,1.0,No Info,8073
Air India,2019-05-15,Kolkata,Banglore,14:15:00,16:45:00,150,0.0,No Info,5510
Jet Airways,2019-06-24,Delhi,Cochin,22:50:00,12:35:00,825,1.0,In-flight meal not included,10262
Air India,2019-05-09,Kolkata,Banglore,14:30:00,12:30:00,1320,2.0,No Info,15107
Jet Airways,2019-03-24,Kolkata,Banglore,21:10:00,10:05:00,775,1.0,In-flight meal not included,12446
Indigo,2019-05-06,Kolkata,Banglore,22:15:00,00:50:00,155,0.0,No Info,4804
Spicejet,2019-06-03,Kolkata,Banglore,17:10:00,19:40:00,150,0.0,No check-in baggage included,3841
Jet Airways,2019-06-15,Delhi,Cochin,18:20:00,12:35:00,1095,2.0,No Info,14300
Jet Airways,2019-06-21,Banglore,Delhi,19:50:00,22:50:00,180,0.0,No Info,8541
Jet Airways,2019-03-12,Banglore,New Delhi,18:55:00,20:20:00,1525,1.0,In-flight meal not included,11087
Indigo,2019-05-01,Banglore,Delhi,01:30:00,04:15:00,165,0.0,No Info,4077
Goair,2019-05-27,Delhi,Cochin,07:25:00,13:35:00,370,1.0,No Info,6841
Jet Airways,2019-03-21,Banglore,New Delhi,08:00:00,20:20:00,740,1.0,In-flight meal not included,7832
Air India,2019-05-18,Kolkata,Banglore,14:15:00,16:45:00,150,0.0,No Info,6245
Jet Airways,2019-05-01,Banglore,Delhi,18:55:00,22:00:00,185,0.0,No Info,7229
Jet Airways,2019-06-27,Delhi,Cochin,23:05:00,04:25:00,1760,2.0,No Info,12819
Multiple Carriers,2019-03-27,Delhi,Cochin,07:30:00,19:15:00,705,1.0,No Info,8371
Indigo,2019-03-06,Delhi,Cochin,02:05:00,07:25:00,320,1.0,No Info,10851
Jet Airways,2019-04-09,Banglore,Delhi,08:20:00,11:20:00,180,0.0,In-flight meal not included,4544
Indigo,2019-04-15,Delhi,Cochin,06:50:00,16:10:00,560,1.0,No Info,6442
Multiple Carriers,2019-05-27,Delhi,Cochin,11:30:00,21:00:00,570,1.0,No Info,13587
Air India,2019-05-24,Banglore,Delhi,17:00:00,19:45:00,165,0.0,No Info,7171
Jet Airways,2019-05-09,Kolkata,Banglore,20:25:00,14:25:00,1080,1.0,In-flight meal not included,9314
Multiple Carriers,2019-03-27,Delhi,Cochin,10:45:00,18:50:00,485,1.0,No Info,11622
Jet Airways,2019-05-01,Kolkata,Banglore,06:30:00,18:15:00,705,1.0,No Info,14781
Jet Airways,2019-05-01,Banglore,Delhi,07:10:00,10:10:00,180,0.0,No Info,7229
Air India,2019-05-09,Delhi,Cochin,18:05:00,21:10:00,185,0.0,No Info,6094
Jet Airways,2019-05-27,Banglore,Delhi,08:20:00,11:20:00,180,0.0,No Info,7229
Jet Airways,2019-05-27,Delhi,Cochin,20:00:00,04:25:00,505,2.0,In-flight meal not included,15318
Indigo,2019-03-21,Delhi,Cochin,07:45:00,13:40:00,355,1.0,No Info,6101
Spicejet,2019-04-15,Banglore,Delhi,09:30:00,12:20:00,170,0.0,No Info,4423
Multiple Carriers,2019-05-21,Delhi,Cochin,10:00:00,01:30:00,930,1.0,No Info,14067
Jet Airways,2019-04-06,Banglore,Delhi,18:55:00,22:00:00,185,0.0,In-flight meal not included,4544
Jet Airways,2019-06-09,Delhi,Cochin,15:00:00,19:00:00,1680,1.0,In-flight meal not included,10262
Air India,2019-05-18,Kolkata,Banglore,16:50:00,13:45:00,1255,2.0,No Info,13432
Jet Airways,2019-05-24,Kolkata,Banglore,20:25:00,18:00:00,1295,1.0,No Info,14151
Multiple Carriers,2019-03-21,Delhi,Cochin,08:55:00,15:30:00,395,1.0,No Info,11269
Jet Airways,2019-04-01,Kolkata,Banglore,16:30:00,20:45:00,1695,1.0,No Info,12681
Jet Airways,2019-05-18,Mumbai,Hyderabad,10:20:00,11:50:00,90,0.0,No Info,5678
Multiple Carriers,2019-05-18,Delhi,Cochin,06:00:00,21:00:00,900,1.0,No Info,7670
Indigo,2019-05-01,Kolkata,Banglore,06:20:00,10:20:00,240,1.0,No Info,4226
Multiple Carriers,2019-05-21,Delhi,Cochin,08:30:00,19:00:00,630,1.0,No Info,9627
Indigo,2019-05-18,Delhi,Cochin,09:15:00,01:30:00,975,1.0,No Info,7503
Indigo,2019-03-18,Kolkata,Banglore,17:15:00,19:55:00,160,0.0,No Info,4462
Jet Airways,2019-06-27,Delhi,Cochin,09:00:00,19:00:00,600,1.0,No Info,14714
Indigo,2019-05-24,Banglore,Delhi,18:55:00,21:50:00,175,0.0,No Info,4823
Indigo,2019-03-09,Banglore,New Delhi,06:25:00,11:30:00,305,1.0,No Info,8434
Jet Airways,2019-06-15,Delhi,Cochin,09:40:00,19:00:00,560,2.0,No Info,13014
Jet Airways,2019-05-21,Kolkata,Banglore,20:25:00,09:45:00,800,1.0,No Info,13067
Indigo,2019-05-15,Delhi,Cochin,04:55:00,21:00:00,965,1.0,No Info,6979
Air India,2019-05-15,Kolkata,Banglore,09:25:00,18:30:00,545,1.0,No Info,8891
Indigo,2019-06-06,Delhi,Cochin,10:35:00,01:30:00,895,1.0,No Info,5883
Indigo,2019-04-06,Banglore,Delhi,08:30:00,11:20:00,170,0.0,No Info,4823
Spicejet,2019-05-03,Banglore,Delhi,05:55:00,08:35:00,160,0.0,No Info,3625
Jet Airways,2019-05-01,Banglore,Delhi,11:10:00,14:05:00,175,0.0,No Info,7229
Air India,2019-03-24,Banglore,New Delhi,06:10:00,08:55:00,165,0.0,No Info,4441
Multiple Carriers,2019-03-21,Delhi,Cochin,07:30:00,18:50:00,680,1.0,No Info,14629
Spicejet,2019-03-27,Chennai,Kolkata,17:45:00,20:05:00,140,0.0,No Info,3384
Jet Airways,2019-05-18,Delhi,Cochin,13:00:00,19:00:00,360,1.0,In-flight meal not included,12373
Vistara,2019-04-03,Banglore,Delhi,09:45:00,12:35:00,170,0.0,No Info,5403
Jet Airways,2019-05-18,Delhi,Cochin,19:30:00,12:35:00,1025,2.0,In-flight meal not included,10368
Air Asia,2019-06-24,Kolkata,Banglore,22:50:00,01:20:00,150,0.0,No Info,3807
Jet Airways,2019-05-21,Kolkata,Banglore,14:05:00,10:05:00,1200,1.0,In-flight meal not included,9663
Air Asia,2019-06-06,Banglore,Delhi,04:55:00,07:45:00,170,0.0,No Info,4282
Indigo,2019-04-03,Mumbai,Hyderabad,19:05:00,20:35:00,90,0.0,No Info,2754
Air India,2019-03-06,Mumbai,Hyderabad,06:00:00,09:10:00,1630,2.0,No Info,13169
Air India,2019-05-06,Kolkata,Banglore,16:50:00,15:05:00,1335,2.0,No Info,12434
Jet Airways,2019-04-12,Banglore,Delhi,07:10:00,10:10:00,180,0.0,No Info,7229
Spicejet,2019-06-15,Mumbai,Hyderabad,05:45:00,07:15:00,90,0.0,No check-in baggage included,2647
Air Asia,2019-03-15,Kolkata,Banglore,10:20:00,12:55:00,155,0.0,No Info,4384
Jet Airways,2019-06-15,Delhi,Cochin,14:00:00,19:00:00,300,1.0,No Info,14714
Jet Airways,2019-04-21,Banglore,Delhi,17:45:00,20:45:00,180,0.0,In-flight meal not included,4544
Jet Airways,2019-06-12,Banglore,Delhi,17:45:00,20:45:00,180,0.0,No Info,8016
Multiple Carriers,2019-06-06,Delhi,Cochin,11:25:00,19:15:00,470,1.0,No Info,7354
Multiple Carriers,2019-03-03,Delhi,Cochin,08:00:00,21:00:00,780,1.0,No Info,17057
Multiple Carriers,2019-06-03,Delhi,Cochin,08:30:00,19:15:00,645,1.0,No Info,7677
Jet Airways,2019-05-24,Kolkata,Banglore,09:35:00,18:00:00,505,1.0,No Info,14151
Jet Airways,2019-03-12,Banglore,New Delhi,22:55:00,20:20:00,1285,1.0,In-flight meal not included,11087
Jet Airways,2019-03-27,Delhi,Cochin,05:10:00,19:45:00,2315,2.0,In-flight meal not included,8098
Multiple Carriers,2019-06-03,Delhi,Cochin,10:35:00,19:15:00,520,1.0,No Info,7354
Air India,2019-03-27,Delhi,Cochin,13:20:00,07:40:00,1100,2.0,No Info,10178
Air India,2019-06-24,Delhi,Cochin,13:00:00,19:15:00,375,1.0,No Info,8372
Air India,2019-03-03,Banglore,New Delhi,08:15:00,23:10:00,895,1.0,No Info,6781
Jet Airways,2019-04-06,Delhi,Cochin,11:30:00,19:00:00,450,1.0,In-flight meal not included,5177
Jet Airways,2019-06-03,Delhi,Cochin,19:15:00,12:35:00,1040,1.0,No Info,14714
Jet Airways,2019-05-21,Kolkata,Banglore,08:25:00,19:50:00,685,1.0,No Info,14781
Air India,2019-06-27,Delhi,Cochin,13:00:00,19:15:00,375,1.0,No Info,8372
Multiple Carriers,2019-05-18,Delhi,Cochin,11:30:00,19:15:00,465,1.0,No Info,14533
Indigo,2019-05-09,Chennai,Kolkata,11:35:00,14:00:00,145,0.0,No Info,4332
Spicejet,2019-06-27,Mumbai,Hyderabad,13:15:00,14:45:00,90,0.0,No Info,2017
Multiple Carriers,2019-05-18,Delhi,Cochin,09:15:00,19:15:00,600,1.0,No Info,8309
Multiple Carriers,2019-05-21,Delhi,Cochin,11:25:00,19:00:00,455,1.0,No Info,9103
Jet Airways,2019-03-24,Kolkata,Banglore,13:55:00,22:35:00,520,1.0,In-flight meal not included,11134
Spicejet,2019-04-01,Banglore,Delhi,05:55:00,08:35:00,160,0.0,No check-in baggage included,3919
Jet Airways,2019-03-09,Delhi,Cochin,20:10:00,04:25:00,495,2.0,No Info,20904
Jet Airways,2019-05-12,Kolkata,Banglore,16:30:00,18:15:00,1545,1.0,In-flight meal not included,10844
Jet Airways,2019-03-03,Delhi,Cochin,05:25:00,18:50:00,2245,2.0,No Info,18799
Jet Airways,2019-06-06,Delhi,Cochin,16:00:00,04:25:00,745,1.0,In-flight meal not included,10262
Multiple Carriers,2019-03-06,Delhi,Cochin,13:55:00,01:35:00,700,1.0,In-flight meal not included,15136
Indigo,2019-04-01,Delhi,Cochin,20:25:00,01:30:00,305,1.0,No Info,5073
Air Asia,2019-03-24,Banglore,New Delhi,23:25:00,02:10:00,165,0.0,No Info,4482
Jet Airways,2019-06-12,Banglore,Delhi,15:15:00,18:10:00,175,0.0,No Info,8016
Air India,2019-05-06,Kolkata,Banglore,05:50:00,20:25:00,875,2.0,No Info,10991
Multiple Carriers,2019-06-15,Delhi,Cochin,07:05:00,22:30:00,925,1.0,No Info,9646
Vistara,2019-05-01,Kolkata,Banglore,17:00:00,18:50:00,1550,1.0,No Info,8610
Indigo,2019-04-09,Banglore,Delhi,01:30:00,04:15:00,165,0.0,No Info,3419
Jet Airways,2019-06-27,Delhi,Cochin,13:00:00,19:00:00,360,1.0,In-flight meal not included,10262
Spicejet,2019-03-24,Chennai,Kolkata,09:30:00,12:05:00,155,0.0,No Info,3859
Air India,2019-06-12,Kolkata,Banglore,09:50:00,23:15:00,805,2.0,No Info,14960
Indigo,2019-06-09,Kolkata,Banglore,17:15:00,19:50:00,155,0.0,No Info,4804
Air India,2019-05-09,Delhi,Cochin,09:00:00,19:15:00,615,1.0,No Info,8372
Jet Airways,2019-04-01,Banglore,Delhi,06:00:00,08:45:00,165,0.0,No Info,7229
Vistara,2019-06-09,Kolkata,Banglore,07:10:00,23:25:00,975,1.0,No Info,9345
Goair,2019-03-24,Banglore,New Delhi,11:40:00,14:35:00,175,0.0,No Info,3898
Air India,2019-05-09,Kolkata,Banglore,14:35:00,14:35:00,1440,1.0,No Info,6528
Indigo,2019-03-03,Mumbai,Hyderabad,12:00:00,13:25:00,85,0.0,No Info,5755
Multiple Carriers,2019-03-21,Delhi,Cochin,09:45:00,21:20:00,695,2.0,No Info,7178
Jet Airways,2019-04-01,Delhi,Cochin,18:15:00,19:00:00,1485,1.0,In-flight meal not included,5406
Air India,2019-03-15,Banglore,New Delhi,06:55:00,23:20:00,985,1.0,No Info,6987
Multiple Carriers,2019-06-15,Delhi,Cochin,18:15:00,01:30:00,435,1.0,No Info,13377
Multiple Carriers,2019-06-24,Delhi,Cochin,08:45:00,19:00:00,615,1.0,No Info,12524
Jet Airways,2019-06-09,Delhi,Cochin,22:50:00,19:00:00,1210,1.0,No Info,14714
Indigo,2019-05-15,Delhi,Cochin,07:15:00,12:30:00,315,1.0,No Info,5636
Air India,2019-05-24,Kolkata,Banglore,05:50:00,23:15:00,1045,2.0,No Info,12723
Multiple Carriers,2019-05-21,Delhi,Cochin,11:30:00,01:30:00,840,1.0,No Info,14067
Jet Airways,2019-05-09,Delhi,Cochin,08:00:00,04:25:00,1225,1.0,In-flight meal not included,12373
Spicejet,2019-04-27,Banglore,Delhi,05:55:00,08:35:00,160,0.0,No check-in baggage included,4319
Indigo,2019-06-15,Chennai,Kolkata,15:40:00,18:25:00,165,0.0,No Info,3540
Jet Airways,2019-04-18,Banglore,Delhi,15:15:00,18:10:00,175,0.0,In-flight meal not included,5198
Jet Airways,2019-05-09,Kolkata,Banglore,14:05:00,20:45:00,400,1.0,In-flight meal not included,10844
Air India,2019-03-18,Delhi,Cochin,14:10:00,17:10:00,180,0.0,No Info,5674
Spicejet,2019-06-03,Delhi,Cochin,08:45:00,13:15:00,270,1.0,No check-in baggage included,5726
Jet Airways,2019-06-09,Kolkata,Banglore,08:25:00,04:40:00,1215,1.0,In-flight meal not included,8586
Jet Airways,2019-03-06,Banglore,New Delhi,08:00:00,08:15:00,1455,1.0,No Info,17996
Indigo,2019-04-21,Banglore,Delhi,18:25:00,21:20:00,175,0.0,No Info,4823
Indigo,2019-04-27,Banglore,Delhi,10:30:00,13:20:00,170,0.0,No Info,4423
Jet Airways,2019-03-24,Kolkata,Banglore,19:45:00,16:20:00,1235,1.0,In-flight meal not included,10031
Spicejet,2019-03-27,Chennai,Kolkata,08:20:00,10:35:00,135,0.0,No check-in baggage included,3332
Jet Airways,2019-06-18,Banglore,Delhi,18:55:00,22:00:00,185,0.0,No Info,8016
Spicejet,2019-06-24,Mumbai,Hyderabad,22:45:00,00:15:00,90,0.0,No check-in baggage included,1965
Jet Airways,2019-03-15,Banglore,New Delhi,22:50:00,07:40:00,530,1.0,In-flight meal not included,9134
Jet Airways,2019-03-21,Delhi,Cochin,13:55:00,18:50:00,1735,2.0,In-flight meal not included,8728
Air India,2019-05-09,Delhi,Cochin,05:00:00,19:15:00,2295,2.0,No Info,9653
Jet Airways,2019-03-09,Banglore,New Delhi,05:45:00,10:25:00,280,1.0,In-flight meal not included,11087
Multiple Carriers,2019-06-01,Delhi,Cochin,06:40:00,19:15:00,755,1.0,No Info,8937
Spicejet,2019-05-21,Kolkata,Banglore,06:55:00,09:30:00,155,0.0,No check-in baggage included,3841
Jet Airways,2019-06-03,Delhi,Cochin,21:25:00,19:00:00,1295,2.0,In-flight meal not included,11507
Goair,2019-05-01,Delhi,Cochin,07:25:00,13:35:00,370,1.0,No Info,5842
Jet Airways,2019-05-09,Mumbai,Hyderabad,10:20:00,11:50:00,90,0.0,In-flight meal not included,4995
Jet Airways,2019-06-27,Delhi,Cochin,15:00:00,19:00:00,1680,1.0,In-flight meal not included,10262
Jet Airways,2019-05-18,Kolkata,Banglore,20:25:00,22:05:00,1540,1.0,No Info,14151
Jet Airways,2019-06-15,Delhi,Cochin,14:35:00,12:35:00,1320,2.0,No Info,13376
Air India,2019-05-01,Mumbai,Hyderabad,06:20:00,07:40:00,80,0.0,No Info,3625
Multiple Carriers,2019-05-09,Delhi,Cochin,11:40:00,19:15:00,455,1.0,No Info,8266
Indigo,2019-04-24,Kolkata,Banglore,21:25:00,00:05:00,160,0.0,No Info,4804
Jet Airways,2019-03-12,Banglore,New Delhi,21:25:00,09:30:00,725,1.0,No Info,13817
Jet Airways,2019-04-09,Banglore,Delhi,18:55:00,22:00:00,185,0.0,No Info,7229
Multiple Carriers,2019-05-15,Delhi,Cochin,08:00:00,19:15:00,675,1.0,No Info,14533
Multiple Carriers,2019-06-15,Delhi,Cochin,10:00:00,01:30:00,930,1.0,No Info,8510
Spicejet,2019-05-01,Chennai,Kolkata,08:20:00,10:35:00,135,0.0,No Info,3597
Multiple Carriers,2019-06-27,Delhi,Cochin,10:00:00,01:30:00,930,1.0,No Info,7198
Air India,2019-03-09,Delhi,Cochin,13:15:00,09:25:00,1210,2.0,No Info,11622
Jet Airways,2019-06-15,Delhi,Cochin,14:35:00,04:25:00,830,2.0,No Info,13376
Indigo,2019-04-12,Kolkata,Banglore,22:15:00,00:50:00,155,0.0,No Info,4174
Air India,2019-03-12,Mumbai,Hyderabad,06:00:00,19:25:00,2245,2.0,No Info,12119
Jet Airways,2019-03-01,Banglore,New Delhi,14:05:00,19:10:00,305,1.0,No Info,36235
Jet Airways,2019-05-27,Delhi,Cochin,09:40:00,12:35:00,1615,2.0,In-flight meal not included,13029
Jet Airways,2019-05-12,Kolkata,Banglore,20:25:00,14:25:00,1080,1.0,No Info,13067
Air India,2019-05-18,Delhi,Cochin,09:45:00,09:25:00,1420,2.0,No Info,10975
Spicejet,2019-05-15,Kolkata,Banglore,15:55:00,21:25:00,330,1.0,No Info,7804
Multiple Carriers,2019-05-18,Delhi,Cochin,11:30:00,01:30:00,840,1.0,No Info,13727
Spicejet,2019-06-03,Chennai,Kolkata,09:45:00,12:00:00,135,0.0,No check-in baggage included,3859
Jet Airways,2019-05-24,Kolkata,Banglore,06:30:00,18:15:00,705,1.0,In-flight meal not included,10844
Air India,2019-03-01,Banglore,New Delhi,05:50:00,22:45:00,1015,1.0,No Info,14069
Indigo,2019-06-15,Mumbai,Hyderabad,21:20:00,22:50:00,90,0.0,No Info,2227
Multiple Carriers,2019-06-15,Delhi,Cochin,09:45:00,22:30:00,765,1.0,No Info,9646
Jet Airways,2019-06-12,Kolkata,Banglore,21:10:00,09:20:00,730,1.0,In-flight meal not included,8529
Indigo,2019-06-06,Banglore,Delhi,18:55:00,21:50:00,175,0.0,No Info,4990
Air India,2019-05-27,Delhi,Cochin,13:15:00,09:25:00,1210,2.0,No Info,10467
Jet Airways,2019-05-09,Delhi,Cochin,02:15:00,12:35:00,620,1.0,In-flight meal not included,12373
Indigo,2019-06-06,Kolkata,Banglore,09:35:00,12:10:00,155,0.0,No Info,4804
Indigo,2019-06-15,Delhi,Cochin,07:30:00,21:00:00,810,1.0,No Info,6093
Indigo,2019-03-03,Kolkata,Banglore,17:15:00,20:00:00,165,0.0,No Info,6985
Air India,2019-05-12,Kolkata,Banglore,12:00:00,11:10:00,1390,2.0,No Info,10676
Air India,2019-03-06,Mumbai,Hyderabad,06:10:00,21:15:00,905,1.0,No Info,16666
Air India,2019-06-03,Delhi,Cochin,22:00:00,19:15:00,1275,2.0,No Info,10231
Jet Airways,2019-03-27,Delhi,Cochin,05:10:00,19:45:00,2315,2.0,In-flight meal not included,8938
Jet Airways,2019-06-15,Delhi,Cochin,22:50:00,19:00:00,1210,1.0,In-flight meal not included,10262
Jet Airways,2019-06-01,Delhi,Cochin,11:40:00,19:00:00,440,2.0,No Info,18804
Indigo,2019-03-09,Delhi,Cochin,05:35:00,08:50:00,195,0.0,No Info,6885
Multiple Carriers,2019-05-09,Delhi,Cochin,09:00:00,19:00:00,600,1.0,No Info,10197
Vistara,2019-05-03,Banglore,Delhi,17:00:00,19:35:00,155,0.0,No Info,5613
Jet Airways,2019-06-15,Delhi,Cochin,14:35:00,04:25:00,830,2.0,In-flight meal not included,10919
Spicejet,2019-06-18,Mumbai,Hyderabad,05:45:00,07:15:00,90,0.0,No check-in baggage included,2647
Jet Airways,2019-06-03,Delhi,Cochin,15:00:00,04:25:00,805,1.0,No Info,14714
Indigo,2019-06-09,Banglore,Delhi,20:00:00,22:50:00,170,0.0,No Info,4823
Vistara,2019-03-09,Chennai,Kolkata,07:05:00,09:20:00,135,0.0,No Info,6627
Jet Airways,2019-03-12,Banglore,New Delhi,22:55:00,11:25:00,750,1.0,No Info,13817
Multiple Carriers,2019-03-03,Delhi,Cochin,07:10:00,22:20:00,910,1.0,In-flight meal not included,11125
Indigo,2019-05-01,Banglore,Delhi,00:30:00,03:25:00,175,0.0,No Info,4284
Indigo,2019-03-27,Delhi,Cochin,04:45:00,21:00:00,975,1.0,No Info,7258
Air India,2019-06-06,Kolkata,Banglore,10:00:00,20:25:00,625,1.0,No Info,10203
Vistara,2019-04-24,Banglore,Delhi,07:00:00,09:40:00,160,0.0,No Info,5403
Air India,2019-05-21,Kolkata,Banglore,09:25:00,13:45:00,1700,2.0,No Info,11542
Jet Airways,2019-03-21,Mumbai,Hyderabad,07:10:00,08:35:00,85,0.0,In-flight meal not included,4160
Jet Airways,2019-03-06,Delhi,Cochin,05:40:00,04:25:00,1365,2.0,In-flight meal not included,17271
Jet Airways,2019-05-12,Kolkata,Banglore,08:25:00,04:40:00,1215,1.0,No Info,13941
Jet Airways,2019-05-18,Delhi,Cochin,09:40:00,12:35:00,1615,2.0,No Info,15129
Air India,2019-06-12,Delhi,Cochin,06:50:00,07:40:00,1490,2.0,No Info,13381
Multiple Carriers,2019-05-18,Delhi,Cochin,07:10:00,22:30:00,920,1.0,No Info,7740
Jet Airways,2019-06-15,Banglore,Delhi,17:45:00,20:45:00,180,0.0,No Info,8016
Jet Airways,2019-03-06,Banglore,New Delhi,20:35:00,07:40:00,665,1.0,No Info,16736
Indigo,2019-03-01,Banglore,New Delhi,16:50:00,21:35:00,285,1.0,No Info,13302
Jet Airways,2019-03-15,Banglore,New Delhi,16:55:00,00:45:00,470,1.0,No Info,21934
Indigo,2019-03-21,Delhi,Cochin,11:30:00,01:35:00,845,1.0,No Info,7318
Multiple Carriers,2019-03-03,Delhi,Cochin,13:55:00,01:35:00,700,1.0,No Info,17057
Air India,2019-03-01,Banglore,New Delhi,13:50:00,18:40:00,1730,1.0,No Info,17198
Jet Airways,2019-03-01,Banglore,New Delhi,19:55:00,22:35:00,160,0.0,No Info,18308
Multiple Carriers,2019-06-03,Delhi,Cochin,10:00:00,21:00:00,660,1.0,No Info,9718
Vistara,2019-05-27,Chennai,Kolkata,07:05:00,09:20:00,135,0.0,No Info,3687
Multiple Carriers,2019-03-21,Delhi,Cochin,10:00:00,19:15:00,555,1.0,In-flight meal not included,8401
Indigo,2019-04-21,Banglore,Delhi,23:30:00,02:20:00,170,0.0,No Info,4591
Vistara,2019-04-01,Kolkata,Banglore,17:00:00,22:55:00,355,1.0,No Info,8977
Jet Airways,2019-05-12,Mumbai,Hyderabad,10:20:00,11:50:00,90,0.0,No Info,5678
Jet Airways,2019-06-27,Delhi,Cochin,07:05:00,12:35:00,330,1.0,In-flight meal not included,10262
Jet Airways,2019-03-06,Delhi,Cochin,09:00:00,04:25:00,1165,1.0,No Info,15764
Jet Airways,2019-03-24,Banglore,New Delhi,19:55:00,22:35:00,160,0.0,No Info,8016
Jet Airways,2019-06-27,Delhi,Cochin,05:30:00,19:00:00,810,2.0,In-flight meal not included,11507
Indigo,2019-06-09,Kolkata,Banglore,09:35:00,12:20:00,165,0.0,No Info,4804
Air India,2019-06-09,Delhi,Cochin,12:55:00,19:15:00,1820,2.0,No Info,12436
Jet Airways,2019-05-27,Delhi,Cochin,13:25:00,04:25:00,900,2.0,No Info,16704
Spicejet,2019-04-01,Mumbai,Hyderabad,13:15:00,14:45:00,90,0.0,No check-in baggage included,1965
Air Asia,2019-05-06,Banglore,Delhi,04:55:00,07:45:00,170,0.0,No Info,4282
Multiple Carriers,2019-06-01,Delhi,Cochin,13:00:00,01:30:00,750,1.0,No Info,13377
Air India,2019-05-15,Delhi,Cochin,12:00:00,07:40:00,1180,2.0,No Info,10651
Indigo,2019-03-03,Banglore,New Delhi,07:10:00,10:05:00,175,0.0,No Info,7648
Jet Airways,2019-05-09,Delhi,Cochin,19:15:00,04:25:00,550,1.0,In-flight meal not included,12373
Indigo,2019-06-01,Banglore,Delhi,23:30:00,02:20:00,170,0.0,No Info,4591
Indigo,2019-06-27,Delhi,Cochin,05:05:00,12:10:00,425,1.0,No Info,6442
Multiple Carriers,2019-06-03,Delhi,Cochin,08:00:00,21:00:00,780,1.0,No Info,13797
Jet Airways,2019-05-21,Kolkata,Banglore,20:25:00,21:05:00,1480,1.0,No Info,14151
Indigo,2019-03-24,Kolkata,Banglore,05:35:00,11:20:00,345,1.0,No Info,9319
Indigo,2019-04-09,Kolkata,Banglore,20:20:00,22:55:00,155,0.0,No Info,4488
Indigo,2019-03-27,Delhi,Cochin,06:40:00,21:00:00,860,1.0,No Info,8784
Indigo,2019-04-18,Banglore,Delhi,21:15:00,00:15:00,180,0.0,No Info,4591
Air India,2019-04-01,Kolkata,Banglore,10:00:00,23:15:00,795,1.0,No Info,7893
Jet Airways,2019-06-09,Kolkata,Banglore,17:00:00,22:05:00,1745,1.0,In-flight meal not included,10539
Air India,2019-04-18,Banglore,Delhi,13:20:00,16:10:00,170,0.0,No Info,6121
Air India,2019-06-27,Delhi,Cochin,13:15:00,09:25:00,1210,2.0,No Info,8839
Jet Airways,2019-06-09,Delhi,Cochin,05:30:00,19:00:00,810,2.0,No Info,13014
Jet Airways,2019-05-12,Banglore,Delhi,08:20:00,11:20:00,180,0.0,No Info,7229
Jet Airways,2019-03-01,Banglore,New Delhi,11:40:00,11:25:00,1425,1.0,No Info,25735
Vistara,2019-03-18,Banglore,New Delhi,19:40:00,22:20:00,160,0.0,No Info,12123
Spicejet,2019-06-27,Chennai,Kolkata,17:45:00,20:05:00,140,0.0,No Info,3597
Jet Airways,2019-05-24,Delhi,Cochin,23:05:00,04:25:00,1760,2.0,No Info,15129
Multiple Carriers,2019-05-21,Delhi,Cochin,09:15:00,19:00:00,585,1.0,No Info,9627
Multiple Carriers,2019-06-15,Delhi,Cochin,14:55:00,22:30:00,455,1.0,In-flight meal not included,6093
Spicejet,2019-03-24,Chennai,Kolkata,17:45:00,20:05:00,140,0.0,No Info,5418
Indigo,2019-03-21,Delhi,Cochin,04:45:00,21:00:00,975,1.0,No Info,6314
Multiple Carriers,2019-06-24,Delhi,Cochin,07:30:00,21:00:00,810,1.0,No Info,7740
Indigo,2019-06-21,Banglore,Delhi,18:15:00,21:20:00,185,0.0,No Info,4990
Spicejet,2019-05-06,Kolkata,Banglore,06:55:00,09:30:00,155,0.0,No check-in baggage included,3841
Air India,2019-03-01,Banglore,New Delhi,06:45:00,12:15:00,330,1.0,No Info,23677
Jet Airways,2019-04-01,Kolkata,Banglore,08:25:00,18:15:00,590,1.0,No Info,12681
Jet Airways,2019-05-06,Kolkata,Banglore,06:30:00,19:50:00,800,1.0,No Info,14781
Indigo,2019-06-06,Kolkata,Banglore,15:15:00,17:45:00,150,0.0,No Info,4804
Jet Airways,2019-03-01,Banglore,New Delhi,08:55:00,18:25:00,570,1.0,No Info,26890
Air India,2019-06-15,Banglore,Delhi,17:00:00,19:45:00,165,0.0,No Info,7171
Goair,2019-06-12,Delhi,Cochin,14:25:00,19:35:00,310,1.0,No Info,7870
Vistara,2019-05-01,Kolkata,Banglore,07:10:00,10:45:00,1655,1.0,No Info,9187
Indigo,2019-06-03,Banglore,Delhi,23:30:00,02:20:00,170,0.0,No Info,4591
Jet Airways,2019-03-21,Banglore,New Delhi,05:45:00,16:10:00,625,1.0,In-flight meal not included,7832
Air India,2019-06-03,Delhi,Cochin,09:45:00,23:00:00,795,1.0,No Info,8907
Jet Airways,2019-03-09,Delhi,Cochin,08:20:00,04:25:00,1205,2.0,No Info,18909
Jet Airways,2019-05-24,Kolkata,Banglore,09:35:00,23:35:00,840,1.0,No Info,14151
Air India,2019-04-01,Kolkata,Banglore,07:00:00,05:25:00,1345,2.0,No Info,12219
Jet Airways,2019-04-06,Delhi,Cochin,14:00:00,19:00:00,300,1.0,In-flight meal not included,5177
Air India,2019-03-06,Mumbai,Hyderabad,05:30:00,22:00:00,990,2.0,No Info,9678
Indigo,2019-03-27,Delhi,Cochin,16:00:00,01:35:00,575,1.0,No Info,7048
Air India,2019-04-01,Kolkata,Banglore,20:45:00,23:20:00,155,0.0,No Info,4460
Air India,2019-06-12,Delhi,Cochin,17:15:00,09:25:00,970,2.0,No Info,9417
Air India,2019-03-06,Banglore,New Delhi,08:15:00,11:20:00,1625,2.0,No Info,13942
Jet Airways,2019-05-15,Kolkata,Banglore,14:05:00,23:35:00,570,1.0,In-flight meal not included,8586
Indigo,2019-05-24,Kolkata,Banglore,15:15:00,20:05:00,290,1.0,No Info,5192
Indigo,2019-03-15,Banglore,New Delhi,13:40:00,18:35:00,295,1.0,No Info,7166
Jet Airways,2019-03-12,Banglore,New Delhi,22:55:00,12:25:00,810,1.0,No Info,13817
Multiple Carriers,2019-06-01,Delhi,Cochin,10:00:00,01:30:00,930,1.0,No Info,7198
Air India,2019-06-06,Kolkata,Banglore,16:50:00,05:35:00,765,2.0,No Info,11432
Spicejet,2019-06-12,Chennai,Kolkata,09:45:00,12:00:00,135,0.0,No check-in baggage included,3543
Jet Airways,2019-05-01,Kolkata,Banglore,21:10:00,04:40:00,450,1.0,In-flight meal not included,10844
Jet Airways,2019-05-01,Kolkata,Banglore,20:25:00,14:25:00,1080,1.0,In-flight meal not included,9314
Jet Airways,2019-04-21,Banglore,Delhi,17:45:00,20:45:00,180,0.0,No Info,7229
Air India,2019-03-09,Delhi,Cochin,22:00:00,19:15:00,1275,2.0,No Info,14851
Indigo,2019-05-27,Delhi,Cochin,06:50:00,22:30:00,940,1.0,No Info,6674
Jet Airways,2019-05-01,Kolkata,Banglore,17:00:00,10:55:00,1075,1.0,No Info,12121
Jet Airways,2019-06-03,Delhi,Cochin,09:35:00,12:35:00,1620,2.0,No Info,13292
Air India,2019-05-21,Kolkata,Banglore,14:15:00,16:45:00,150,0.0,No Info,5510
Jet Airways,2019-06-03,Delhi,Cochin,09:40:00,19:00:00,560,2.0,No Info,13014
Air Asia,2019-05-12,Kolkata,Banglore,19:55:00,22:25:00,150,0.0,No Info,5530
Air India,2019-05-15,Kolkata,Banglore,16:45:00,12:30:00,1185,2.0,No Info,14960
Jet Airways,2019-06-24,Delhi,Cochin,11:40:00,19:00:00,440,2.0,No Info,18804
Multiple Carriers,2019-06-06,Delhi,Cochin,11:40:00,01:30:00,830,1.0,No Info,6795
Air India,2019-04-15,Delhi,Cochin,05:10:00,08:00:00,170,0.0,No Info,6094
Jet Airways,2019-03-03,Delhi,Cochin,09:55:00,04:25:00,1110,1.0,No Info,19828
Jet Airways,2019-05-06,Kolkata,Banglore,17:00:00,19:10:00,1570,1.0,No Info,13067
Indigo,2019-05-15,Delhi,Cochin,05:35:00,08:50:00,195,0.0,No Info,6015
Jet Airways,2019-04-01,Kolkata,Banglore,16:30:00,08:15:00,945,1.0,In-flight meal not included,7064
Jet Airways,2019-05-09,Mumbai,Hyderabad,10:20:00,11:50:00,90,0.0,No Info,8040
Jet Airways,2019-04-01,Kolkata,Banglore,08:25:00,16:20:00,475,1.0,In-flight meal not included,7851
Jet Airways,2019-06-24,Delhi,Cochin,16:00:00,19:00:00,1620,1.0,In-flight meal not included,10262
Jet Airways,2019-06-27,Delhi,Cochin,13:25:00,19:00:00,1775,2.0,In-flight meal not included,11150
Jet Airways,2019-05-18,Banglore,Delhi,11:10:00,14:05:00,175,0.0,No Info,7229
Goair,2019-06-09,Delhi,Cochin,07:00:00,12:55:00,355,1.0,No Info,5897
Multiple Carriers,2019-06-03,Delhi,Cochin,15:00:00,01:30:00,630,1.0,No Info,13377
Multiple Carriers,2019-03-27,Delhi,Cochin,07:10:00,21:20:00,850,2.0,No Info,6197
Jet Airways,2019-03-21,Banglore,New Delhi,08:55:00,16:10:00,435,1.0,In-flight meal not included,7832
Jet Airways,2019-05-18,Kolkata,Banglore,09:35:00,21:05:00,690,1.0,No Info,14151
Jet Airways,2019-03-06,Banglore,New Delhi,05:45:00,11:25:00,340,1.0,No Info,19225
Air India,2019-05-12,Kolkata,Banglore,05:50:00,20:25:00,875,2.0,No Info,12513
Jet Airways,2019-05-06,Kolkata,Banglore,06:30:00,20:45:00,855,1.0,In-flight meal not included,9663
Multiple Carriers,2019-06-24,Delhi,Cochin,17:45:00,01:30:00,465,1.0,In-flight meal not included,5797
Jet Airways,2019-06-06,Delhi,Cochin,08:00:00,19:00:00,660,1.0,No Info,14714
Multiple Carriers,2019-06-15,Delhi,Cochin,07:10:00,16:10:00,540,1.0,In-flight meal not included,6093
Jet Airways,2019-06-06,Kolkata,Banglore,14:05:00,20:45:00,400,1.0,No Info,14571
Jet Airways,2019-03-06,Banglore,New Delhi,16:55:00,09:30:00,995,1.0,No Info,17261
Vistara,2019-05-06,Kolkata,Banglore,07:10:00,22:40:00,930,1.0,No Info,8452
Multiple Carriers,2019-05-27,Delhi,Cochin,16:00:00,01:30:00,570,1.0,No Info,13377
Indigo,2019-04-12,Banglore,Delhi,18:55:00,21:50:00,175,0.0,No Info,5780
Jet Airways,2019-03-24,Kolkata,Banglore,13:55:00,22:35:00,520,1.0,No Info,14231
Multiple Carriers,2019-05-27,Delhi,Cochin,08:00:00,21:00:00,780,1.0,No Info,7618
Air India,2019-05-01,Kolkata,Banglore,05:50:00,13:15:00,445,2.0,No Info,7662
Jet Airways,2019-06-09,Kolkata,Banglore,09:35:00,22:05:00,750,1.0,In-flight meal not included,13994
Air India,2019-03-03,Chennai,Kolkata,11:40:00,13:55:00,135,0.0,No Info,10810
Jet Airways,2019-05-18,Kolkata,Banglore,08:25:00,09:20:00,1495,1.0,No Info,14388
Jet Airways,2019-03-09,Delhi,Cochin,11:00:00,14:15:00,195,0.0,No Info,9564
Air India,2019-03-03,Banglore,New Delhi,11:05:00,22:45:00,700,1.0,No Info,11444
Jet Airways,2019-03-09,Delhi,Cochin,19:15:00,04:25:00,550,1.0,No Info,16289
Jet Airways,2019-03-09,Delhi,Cochin,00:20:00,04:25:00,1685,1.0,No Info,15029
Spicejet,2019-05-06,Banglore,Delhi,05:55:00,08:35:00,160,0.0,No Info,3311
Jet Airways,2019-06-03,Delhi,Cochin,14:00:00,04:25:00,865,1.0,In-flight meal not included,10262
Jet Airways,2019-05-15,Kolkata,Banglore,16:30:00,12:00:00,1170,1.0,No Info,14781
Indigo,2019-05-21,Banglore,Delhi,08:30:00,11:20:00,170,0.0,No Info,4823
Air Asia,2019-04-27,Delhi,Cochin,07:55:00,22:25:00,870,1.0,No Info,6451
Jet Airways,2019-04-01,Banglore,Delhi,07:10:00,10:10:00,180,0.0,No Info,7229
Air India,2019-03-27,Delhi,Cochin,13:05:00,07:40:00,1115,2.0,No Info,8875
Jet Airways,2019-03-06,Delhi,Cochin,11:30:00,04:25:00,1015,1.0,No Info,15764
Indigo,2019-06-18,Delhi,Cochin,05:35:00,08:50:00,195,0.0,No Info,5000
Jet Airways,2019-06-09,Delhi,Cochin,05:30:00,12:35:00,425,2.0,In-flight meal not included,13344
Vistara,2019-06-09,Kolkata,Banglore,07:10:00,20:20:00,790,1.0,No Info,9555
Indigo,2019-05-27,Mumbai,Hyderabad,21:20:00,22:50:00,90,0.0,No Info,2227
Indigo,2019-04-12,Banglore,Delhi,10:10:00,13:00:00,170,0.0,No Info,4591
Multiple Carriers,2019-05-27,Delhi,Cochin,03:50:00,19:00:00,910,1.0,No Info,10197
Air Asia,2019-05-24,Kolkata,Banglore,10:20:00,12:55:00,155,0.0,No Info,4409
Jet Airways,2019-05-27,Delhi,Cochin,05:30:00,12:35:00,425,2.0,No Info,16274
Indigo,2019-06-09,Chennai,Kolkata,07:55:00,10:15:00,140,0.0,No Info,3850
Air India,2019-06-27,Delhi,Cochin,09:45:00,23:00:00,795,1.0,No Info,8907
Air India,2019-05-12,Kolkata,Banglore,09:50:00,23:15:00,805,3.0,No Info,14015
Indigo,2019-06-15,Chennai,Kolkata,19:35:00,21:55:00,140,0.0,No Info,3597
Air India,2019-05-21,Kolkata,Banglore,09:25:00,05:35:00,1210,2.0,No Info,11432
Multiple Carriers,2019-06-09,Delhi,Cochin,12:50:00,21:00:00,490,1.0,No Info,7005
Indigo,2019-03-03,Banglore,New Delhi,00:40:00,03:25:00,165,0.0,No Info,6860
Indigo,2019-03-03,Mumbai,Hyderabad,16:55:00,18:25:00,90,0.0,No Info,6795
Jet Airways,2019-06-12,Kolkata,Banglore,18:55:00,16:20:00,1285,1.0,No Info,13044
Air India,2019-03-09,Delhi,Cochin,20:30:00,08:15:00,705,1.0,No Info,8991
Indigo,2019-05-21,Kolkata,Banglore,16:35:00,22:15:00,340,1.0,No Info,5268
Jet Airways,2019-06-06,Delhi,Cochin,11:00:00,14:15:00,195,0.0,No Info,9564
Goair,2019-06-27,Kolkata,Banglore,15:20:00,17:55:00,155,0.0,No Info,3514
Air Asia,2019-05-21,Kolkata,Banglore,22:50:00,01:20:00,150,0.0,No Info,4107
Multiple Carriers,2019-03-21,Delhi,Cochin,08:25:00,19:15:00,650,1.0,No Info,8601
Jet Airways,2019-05-27,Delhi,Cochin,20:00:00,04:25:00,505,2.0,No Info,16263
Jet Airways,2019-03-24,Kolkata,Banglore,06:30:00,23:25:00,1015,1.0,In-flight meal not included,8824
Indigo,2019-03-15,Banglore,New Delhi,16:50:00,21:35:00,285,1.0,No Info,10406
Indigo,2019-03-03,Banglore,New Delhi,19:35:00,00:35:00,300,1.0,No Info,13292
Indigo,2019-04-15,Kolkata,Banglore,19:20:00,23:45:00,265,1.0,No Info,3809
Air India,2019-05-01,Delhi,Cochin,20:40:00,09:25:00,765,1.0,No Info,7480
Indigo,2019-04-24,Banglore,Delhi,22:10:00,01:00:00,170,0.0,No Info,3625
Spicejet,2019-06-09,Mumbai,Hyderabad,05:45:00,07:15:00,90,0.0,No Info,2753
Indigo,2019-04-09,Kolkata,Banglore,15:15:00,17:45:00,150,0.0,No Info,4174
Jet Airways,2019-06-27,Delhi,Cochin,07:05:00,19:00:00,715,1.0,No Info,18371
Indigo,2019-04-12,Banglore,Delhi,20:00:00,22:50:00,170,0.0,No Info,4990
Multiple Carriers,2019-06-24,Delhi,Cochin,06:40:00,19:00:00,740,1.0,No Info,10877
Jet Airways,2019-05-06,Kolkata,Banglore,06:30:00,10:05:00,1655,1.0,In-flight meal not included,8586
Indigo,2019-04-01,Kolkata,Banglore,17:35:00,22:15:00,280,1.0,No Info,5699
Indigo,2019-05-27,Mumbai,Hyderabad,02:35:00,04:05:00,90,0.0,No Info,2754
Jet Airways,2019-03-03,Mumbai,Hyderabad,07:10:00,08:35:00,85,0.0,No Info,5678
Multiple Carriers,2019-03-27,Delhi,Cochin,08:55:00,15:30:00,395,1.0,No Info,7845
Jet Airways,2019-06-15,Banglore,Delhi,19:50:00,22:50:00,180,0.0,No Info,8016
Indigo,2019-05-21,Kolkata,Banglore,17:35:00,22:15:00,280,1.0,No Info,5386
Multiple Carriers,2019-03-03,Delhi,Cochin,13:05:00,22:20:00,555,1.0,No Info,14153
Air India,2019-03-24,Banglore,New Delhi,06:10:00,08:55:00,165,0.0,No Info,3758
Indigo,2019-04-01,Kolkata,Banglore,20:20:00,22:55:00,155,0.0,No Info,4488
Air India,2019-06-15,Delhi,Cochin,07:05:00,09:25:00,1580,2.0,No Info,10975
Air India,2019-05-21,Delhi,Cochin,19:45:00,19:15:00,1410,2.0,No Info,9443
Jet Airways,2019-05-21,Delhi,Cochin,14:00:00,19:00:00,300,1.0,No Info,16079
Indigo,2019-04-18,Banglore,Delhi,18:55:00,21:50:00,175,0.0,No Info,5780
Air Asia,2019-04-03,Banglore,Delhi,23:55:00,02:45:00,170,0.0,No Info,4483
Jet Airways,2019-05-09,Kolkata,Banglore,06:30:00,16:20:00,590,1.0,In-flight meal not included,8586
Jet Airways,2019-03-15,Mumbai,Hyderabad,02:55:00,04:25:00,90,0.0,In-flight meal not included,2071
Indigo,2019-03-21,Delhi,Cochin,07:30:00,15:30:00,480,1.0,No Info,10208
Indigo,2019-06-06,Kolkata,Banglore,21:00:00,02:15:00,315,1.0,No Info,6711
Spicejet,2019-05-09,Kolkata,Banglore,17:10:00,19:40:00,150,0.0,No Info,3873
Multiple Carriers,2019-06-01,Delhi,Cochin,12:50:00,01:30:00,760,1.0,No Info,6795
Jet Airways,2019-05-09,Delhi,Cochin,22:50:00,19:00:00,1210,1.0,In-flight meal not included,12373
Air India,2019-05-15,Delhi,Cochin,05:55:00,07:40:00,1545,2.0,No Info,11543
Spicejet,2019-04-15,Kolkata,Banglore,22:20:00,00:40:00,140,0.0,No Info,3873
Spicejet,2019-05-09,Delhi,Cochin,08:45:00,13:15:00,270,1.0,No check-in baggage included,4760
Vistara,2019-04-15,Banglore,Delhi,17:00:00,19:35:00,155,0.0,No Info,5613
Multiple Carriers,2019-06-27,Delhi,Cochin,12:50:00,21:00:00,490,1.0,In-flight meal not included,6007
Jet Airways,2019-03-24,Kolkata,Banglore,16:55:00,23:25:00,390,1.0,In-flight meal not included,11134
Indigo,2019-06-06,Kolkata,Banglore,06:20:00,10:20:00,240,1.0,No Info,4226
Jet Airways,2019-05-09,Kolkata,Banglore,20:25:00,09:45:00,800,1.0,In-flight meal not included,10703
Indigo,2019-06-27,Kolkata,Banglore,17:15:00,19:50:00,155,0.0,No Info,4804
Indigo,2019-03-21,Banglore,New Delhi,11:20:00,15:25:00,245,1.0,No Info,5746
Air Asia,2019-04-27,Delhi,Cochin,16:45:00,07:10:00,865,1.0,No Info,6451
Air India,2019-04-01,Kolkata,Banglore,09:25:00,10:30:00,1505,2.0,No Info,12009
Air India,2019-03-06,Mumbai,Hyderabad,05:30:00,14:50:00,560,2.0,No Info,13757
Air India,2019-03-24,Kolkata,Banglore,09:25:00,01:20:00,955,2.0,No Info,11853
Air India,2019-06-27,Delhi,Cochin,17:15:00,19:15:00,1560,2.0,No Info,12199
Air India,2019-05-15,Kolkata,Banglore,05:50:00,12:30:00,1840,2.0,No Info,12723
Jet Airways,2019-05-27,Delhi,Cochin,23:05:00,04:25:00,1760,2.0,No Info,15129
Indigo,2019-03-24,Mumbai,Hyderabad,19:05:00,20:30:00,85,0.0,No Info,2754
Jet Airways,2019-05-24,Banglore,Delhi,07:10:00,10:10:00,180,0.0,No Info,7229
Indigo,2019-03-01,Kolkata,Banglore,14:20:00,16:55:00,155,0.0,No Info,6565
Multiple Carriers,2019-05-27,Delhi,Cochin,08:30:00,19:00:00,630,1.0,No Info,9627
Air India,2019-06-09,Delhi,Cochin,10:55:00,19:15:00,500,2.0,No Info,12383
Spicejet,2019-04-15,Delhi,Cochin,06:05:00,11:20:00,315,1.0,No Info,5583
Jet Airways,2019-05-01,Kolkata,Banglore,06:30:00,12:00:00,330,1.0,No Info,14388
Jet Airways,2019-06-15,Delhi,Cochin,05:30:00,04:25:00,1375,2.0,No Info,13014
Jet Airways,2019-04-15,Banglore,Delhi,17:45:00,20:45:00,180,0.0,No Info,7229
Multiple Carriers,2019-05-21,Delhi,Cochin,07:05:00,19:15:00,730,1.0,In-flight meal not included,10711
Indigo,2019-06-21,Chennai,Kolkata,19:35:00,21:55:00,140,0.0,No Info,3597
Indigo,2019-04-06,Banglore,Delhi,13:00:00,15:50:00,170,0.0,No Info,4423
Jet Airways,2019-03-24,Kolkata,Banglore,08:25:00,04:45:00,1220,1.0,In-flight meal not included,10031
Indigo,2019-03-21,Kolkata,Banglore,17:15:00,19:55:00,160,0.0,No Info,4148
Jet Airways,2019-03-03,Delhi,Cochin,02:15:00,18:50:00,995,1.0,No Info,17024
Spicejet,2019-06-12,Kolkata,Banglore,15:05:00,20:20:00,315,1.0,No Info,4649
Jet Airways,2019-05-09,Mumbai,Hyderabad,07:05:00,08:30:00,85,0.0,No Info,8040
Jet Airways,2019-03-06,Banglore,New Delhi,14:05:00,05:05:00,900,1.0,In-flight meal not included,13502
Jet Airways,2019-05-21,Delhi,Cochin,19:30:00,04:25:00,535,2.0,No Info,15129
Jet Airways,2019-06-03,Delhi,Cochin,22:50:00,12:35:00,825,1.0,No Info,14714
Air India,2019-03-27,Delhi,Cochin,05:15:00,06:50:00,1535,1.0,No Info,7165
Air Asia,2019-05-27,Delhi,Cochin,07:55:00,15:45:00,470,1.0,No Info,6451
Jet Airways,2019-05-01,Kolkata,Banglore,20:00:00,08:15:00,735,1.0,No Info,13941
Jet Airways,2019-05-27,Delhi,Cochin,13:00:00,12:35:00,1415,1.0,In-flight meal not included,12898
Jet Airways,2019-03-03,Delhi,Cochin,11:30:00,04:25:00,1015,1.0,No Info,19828
Spicejet,2019-04-01,Delhi,Cochin,17:55:00,22:50:00,295,1.0,No Info,4957
Air Asia,2019-03-03,Banglore,New Delhi,23:25:00,02:10:00,165,0.0,No Info,6477
Jet Airways,2019-06-09,Kolkata,Banglore,20:25:00,21:05:00,1480,1.0,No Info,12692
Jet Airways,2019-05-18,Kolkata,Banglore,20:00:00,18:15:00,1335,1.0,In-flight meal not included,10844
Jet Airways,2019-06-15,Delhi,Cochin,05:30:00,19:00:00,810,2.0,In-flight meal not included,11507
Indigo,2019-06-09,Kolkata,Banglore,15:10:00,20:30:00,320,1.0,No Info,7095
Jet Airways,2019-03-01,Banglore,New Delhi,18:40:00,09:00:00,860,1.0,No Info,31825
Indigo,2019-05-15,Delhi,Cochin,10:35:00,01:30:00,895,1.0,No Info,6979
Jet Airways,2019-03-24,Kolkata,Banglore,21:10:00,10:05:00,775,1.0,No Info,14914
Air India,2019-05-01,Kolkata,Banglore,14:15:00,16:45:00,150,0.0,No Info,6245
Jet Airways,2019-05-21,Kolkata,Banglore,06:30:00,19:50:00,800,1.0,No Info,14781
Air India,2019-06-12,Delhi,Cochin,17:20:00,09:25:00,965,1.0,No Info,7480
Jet Airways,2019-06-21,Banglore,Delhi,19:50:00,22:50:00,180,0.0,In-flight meal not included,7754
Jet Airways,2019-05-09,Kolkata,Banglore,14:05:00,04:40:00,875,1.0,No Info,13941
Jet Airways,2019-06-27,Mumbai,Hyderabad,10:20:00,11:50:00,90,0.0,In-flight meal not included,4995
